{
  "total_signals": 18139,
  "forward_returns": {
    "20d": {
      "mean": 0.004257580154358793,
      "median": 0.00947197265625,
      "std": 0.1129845223613574,
      "min": -0.6837769145386461,
      "max": 4.3164114283607224,
      "n": 18093
    },
    "60d": {
      "mean": 0.018750918106795206,
      "median": 0.022849801135810116,
      "std": 0.1786490086082821,
      "min": -0.6665860577962832,
      "max": 4.7553955781530375,
      "n": 17998
    },
    "120d": {
      "mean": 0.038756276251775,
      "median": 0.038433028679245425,
      "std": 0.2289913415280607,
      "min": -0.7289516439583001,
      "max": 2.8120178529520374,
      "n": 17867
    }
  },
  "hit_rate": 0.5093445063123656,
  "avg_max_drawdown": -0.1583623875025198,
  "avg_lead_time": null,
  "by_severity": {
    "medium": 12093,
    "high": 5785,
    "critical": 261
  },
  "by_symbol": {
    "^TNX": 3291,
    "QQQ": 2860,
    "IWM": 2856,
    "DIA": 2669,
    "SPY": 2591,
    "TLT": 2198,
    "^VIX": 1674
  },
  "per_agent": {
    "EquityMomentumAgent": {
      "signal_count": 14395,
      "hit_rate": 0.44793331017714483
    },
    "MarketCorrectionAgent": {
      "signal_count": 1179,
      "hit_rate": 0.909245122985581
    },
    "BondStressAgent": {
      "signal_count": 2565,
      "hit_rate": 0.6701754385964912
    }
  }
}