{
  "total_signals": 2565,
  "forward_returns": {
    "20d": {
      "mean": 0.011820422268683753,
      "median": 0.012114578508507973,
      "std": 0.1285847490963852,
      "min": -0.6837769145386461,
      "max": 0.49704134081522455,
      "n": 2565
    },
    "60d": {
      "mean": 0.05077154664893049,
      "median": 0.030815546217187614,
      "std": 0.2183274757973317,
      "min": -0.6603212481163018,
      "max": 0.8248945082682896,
      "n": 2565
    },
    "120d": {
      "mean": 0.10677329503386877,
      "median": 0.04189426628827722,
      "std": 0.34403230594739015,
      "min": -0.7289516439583001,
      "max": 1.597597592759951,
      "n": 2564
    }
  },
  "hit_rate": 0.6701754385964912,
  "avg_max_drawdown": -0.22317359412225007,
  "avg_lead_time": null,
  "by_severity": {
    "high": 1442,
    "medium": 1123
  },
  "by_symbol": {
    "^TNX": 2404,
    "TLT": 161
  }
}