{
  "total_signals": 14395,
  "forward_returns": {
    "20d": {
      "mean": 0.009004347265703547,
      "median": 0.0109741530229404,
      "std": 0.0916380776342576,
      "min": -0.5499713660800017,
      "max": 4.3164114283607224,
      "n": 14349
    },
    "60d": {
      "mean": 0.02696599407933056,
      "median": 0.026564554300872182,
      "std": 0.15669165255334658,
      "min": -0.6600420352943681,
      "max": 4.7553955781530375,
      "n": 14257
    },
    "120d": {
      "mean": 0.046529724714268264,
      "median": 0.04556463333092491,
      "std": 0.182987174576572,
      "min": -0.6918510706094039,
      "max": 2.8120178529520374,
      "n": 14127
    }
  },
  "hit_rate": 0.44793331017714483,
  "avg_max_drawdown": -0.12450958234545786,
  "avg_lead_time": null,
  "by_severity": {
    "medium": 10802,
    "high": 3593
  },
  "by_symbol": {
    "QQQ": 2860,
    "IWM": 2688,
    "DIA": 2669,
    "SPY": 2591,
    "TLT": 2037,
    "^TNX": 776,
    "^VIX": 774
  }
}