{
  "total_signals": 1179,
  "forward_returns": {
    "20d": {
      "mean": -0.06996638193548803,
      "median": -0.08194111041985949,
      "std": 0.22763824707824284,
      "min": -0.5624626197280278,
      "max": 1.7260326330554074,
      "n": 1179
    },
    "60d": {
      "mean": -0.15068381858624347,
      "median": -0.1727668744845865,
      "std": 0.23465560649099906,
      "min": -0.6665860577962832,
      "max": 1.796881099883523,
      "n": 1176
    },
    "120d": {
      "mean": -0.20291986540377827,
      "median": -0.24752207441204388,
      "std": 0.2591630948082264,
      "min": -0.68889737976305,
      "max": 0.9996074471219966,
      "n": 1176
    }
  },
  "hit_rate": 0.909245122985581,
  "avg_max_drawdown": -0.43068671766053346,
  "avg_lead_time": null,
  "by_severity": {
    "high": 750,
    "critical": 261,
    "medium": 168
  },
  "by_symbol": {
    "^VIX": 900,
    "IWM": 168,
    "^TNX": 111
  }
}